{"stat.walkOneCm":12935,"stat.useItem.srparasites.itemmobspawner_ganro":1,"stat.useItem.srparasites.itemmobspawner_hull":1,"stat.useItem.srparasites.itemmobspawner_rathol":1,"stat.leaveGame":1,"stat.useItem.srparasites.itemmobspawner_anged":1,"stat.damageTaken":1458,"stat.useItem.srparasites.itemmobspawner_buthol":1,"stat.mineBlock.minecraft.double_plant":1,"stat.pickup.minecraft.cobblestone":4,"stat.pickup.minecraft.log":3,"stat.flyOneCm":135184,"stat.deaths":5,"stat.pickup.minecraft.wheat_seeds":6,"stat.drop":1,"stat.jump":131,"stat.swimOneCm":11562,"stat.playOneMinute":9205,"stat.fallOneCm":2668,"stat.drop.minecraft.wheat_seeds":1,"stat.pickup.minecraft.tnt":1,"stat.useItem.srparasites.itemmobspawner_canra":2,"stat.sneakTime":383,"stat.useItem.srparasites.itemmobspawner_oronco":2,"stat.damageDealt":583,"stat.pickup.minecraft.stone":3,"stat.crouchOneCm":680,"stat.useItem.srparasites.itemmobspawner_terla":1,"stat.useItem.srparasites.weapon_scythe":4,"stat.pickup.minecraft.rail":1,"stat.timeSinceDeath":0,"stat.pickup.minecraft.sapling":1,"stat.pickup.minecraft.dirt":39,"stat.useItem.minecraft.dirt":7,"stat.sprintOneCm":7897,"stat.pickup.minecraft.minecart":1,"stat.mineBlock.minecraft.dirt":1,"stat.useItem.minecraft.spawn_egg":66,"stat.useItem.minecraft.stone_slab2":1,"stat.mineBlock.minecraft.tallgrass":17,"stat.diveOneCm":3674}