{"stat.walkOneCm":11876,"stat.useItem.srparasites.itemmobspawner_ganro":1,"stat.useItem.srparasites.itemmobspawner_hull":1,"stat.useItem.srparasites.itemmobspawner_rathol":1,"stat.useItem.srparasites.itemmobspawner_anged":1,"stat.damageTaken":1080,"stat.useItem.srparasites.itemmobspawner_buthol":1,"stat.mineBlock.minecraft.double_plant":1,"stat.flyOneCm":125921,"stat.deaths":3,"stat.pickup.minecraft.wheat_seeds":6,"stat.drop":1,"stat.jump":83,"stat.swimOneCm":5892,"stat.playOneMinute":8273,"stat.fallOneCm":1565,"stat.drop.minecraft.wheat_seeds":1,"stat.pickup.minecraft.tnt":1,"stat.useItem.srparasites.itemmobspawner_canra":2,"stat.sneakTime":383,"stat.useItem.srparasites.itemmobspawner_oronco":2,"stat.damageDealt":583,"stat.crouchOneCm":680,"stat.useItem.srparasites.itemmobspawner_terla":1,"stat.useItem.srparasites.weapon_scythe":4,"stat.pickup.minecraft.rail":1,"stat.timeSinceDeath":6977,"stat.pickup.minecraft.dirt":2,"stat.sprintOneCm":5492,"stat.pickup.minecraft.minecart":1,"stat.mineBlock.minecraft.dirt":1,"stat.useItem.minecraft.spawn_egg":42,"stat.useItem.minecraft.stone_slab2":1,"stat.mineBlock.minecraft.tallgrass":17,"stat.diveOneCm":1653}